{"cameraMode":{"drawMode":2,"name":"Shaded Wireframe","section":"Shading Mode"},"sceneLighting":false,"audioPlay":false,"sceneViewState":{"showFog":false,"showMaterialUpdate":false,"showSkybox":false,"showFlares":false,"showImageEffects":false,"showParticleSystems":false},"in2DMode":false,"pivot":{"x":-1.529046893119812,"y":76.26342010498047,"z":15.04123592376709},"rotation":{"x":-0.19997191429138184,"y":0.33542588353157046,"z":-0.0729648694396019,"w":-0.9177493453025818},"size":66.5234603881836,"orthographic":false}