{"cameraMode":{"drawMode":0,"name":"Shaded","section":"Shading Mode"},"sceneLighting":false,"audioPlay":false,"sceneViewState":{"showFog":false,"showMaterialUpdate":false,"showSkybox":false,"showFlares":false,"showImageEffects":false,"showParticleSystems":false},"in2DMode":false,"pivot":{"x":-1.8354294300079346,"y":6.502631664276123,"z":5.15631103515625},"rotation":{"x":-0.0011555232340469957,"y":0.9228399991989136,"z":0.0027685596141964199,"w":0.38517430424690249},"size":8.317895889282227,"orthographic":false}