{"cameraMode":{"drawMode":0,"name":"Shaded","section":"Shading Mode"},"sceneLighting":false,"audioPlay":false,"sceneViewState":{"showFog":false,"showMaterialUpdate":false,"showSkybox":false,"showFlares":false,"showImageEffects":false,"showParticleSystems":false},"in2DMode":false,"pivot":{"x":16.527353286743165,"y":2.832345485687256,"z":23.94755744934082},"rotation":{"x":0.11148083955049515,"y":0.7902620434761047,"z":-0.15088112652301789,"w":0.5834274888038635},"size":40.924530029296878,"orthographic":false}