{"cameraMode":{"drawMode":0,"name":"Shaded","section":"Shading Mode"},"sceneLighting":false,"audioPlay":false,"sceneViewState":{"showFog":false,"showMaterialUpdate":false,"showSkybox":false,"showFlares":false,"showImageEffects":false,"showParticleSystems":false},"in2DMode":false,"pivot":{"x":26.10000228881836,"y":0.9064275026321411,"z":14.39999771118164},"rotation":{"x":-0.03218449279665947,"y":-0.7562570571899414,"z":0.0371992290019989,"w":-0.652490496635437},"size":13.595873832702637,"orthographic":false}