{"cameraMode":{"drawMode":2,"name":"Shaded Wireframe","section":"Shading Mode"},"sceneLighting":false,"audioPlay":false,"sceneViewState":{"showFog":false,"showMaterialUpdate":false,"showSkybox":false,"showFlares":false,"showImageEffects":false,"showParticleSystems":false},"in2DMode":false,"pivot":{"x":-7.831636905670166,"y":5.298781394958496,"z":-4.880349159240723},"rotation":{"x":-0.24227306246757508,"y":-0.48695820569992068,"z":0.1426672786474228,"w":-0.8269383311271668},"size":13.89334487915039,"orthographic":true}