{"cameraMode":{"drawMode":2,"name":"Shaded Wireframe","section":"Shading Mode"},"sceneLighting":false,"audioPlay":false,"sceneViewState":{"showFog":false,"showMaterialUpdate":false,"showSkybox":false,"showFlares":false,"showImageEffects":false,"showParticleSystems":false},"in2DMode":false,"pivot":{"x":-3.42244291305542,"y":-0.8142567873001099,"z":4.415473461151123},"rotation":{"x":-0.33846351504325869,"y":0.5483995676040649,"z":-0.2578428089618683,"w":-0.7198767066001892},"size":6.748990535736084,"orthographic":false}