{"cameraMode":{"drawMode":2,"name":"Shaded Wireframe","section":"Shading Mode"},"sceneLighting":false,"audioPlay":false,"sceneViewState":{"showFog":false,"showMaterialUpdate":false,"showSkybox":false,"showFlares":false,"showImageEffects":false,"showParticleSystems":false},"in2DMode":false,"pivot":{"x":4.610954284667969,"y":10.186996459960938,"z":-39.045936584472659},"rotation":{"x":-0.00456754956394434,"y":-0.9907495379447937,"z":0.034501511603593829,"w":-0.1312493234872818},"size":37.92121505737305,"orthographic":false}